Age Range,Total Count,Total Churn,Churn Rate
26-30,2050,608,0.296585366
31-35,1323,120,0.090702948
18-25,536,332,0.619402985
36-40,90,1,0.011111111
40+,1,0,0